Model,Mean Accuracy,Std Dev
Logistic Regression,0.7966222222222223,0.005195249491983095
Random Forest,0.7749333333333334,0.006755555555555563
XGBoost,0.7884444444444445,0.006628036224820368
